{
  "GNN": {
    "Original Algo": {
      "upward_rank": 1.1,
      "downward_rank": 0.3,
      "depth": 0.35,
      "fanout": 0.5,
      "indegree": 0.1,
      "avg_comm_out": 0.25,
      "avg_cost": 0.1,
      "motif_score": 0.0
    },
    "Original Algo + Motifs": {
      "upward_rank": 1.1,
      "downward_rank": 0.3,
      "depth": 0.35,
      "fanout": 0.575,
      "indegree": 0.11499999999999999,
      "avg_comm_out": 0.25,
      "avg_cost": 0.1,
      "motif_score": 1.0
    },
    "Original Algo + BO": {
      "upward_rank": 0.9955479454158747,
      "downward_rank": -1.1133239474333245,
      "depth": -1.2492148895168675,
      "fanout": -0.004286447278332606,
      "indegree": -0.23079876414571898,
      "avg_comm_out": 0.8839411456714132,
      "avg_cost": 1.3326600250701839,
      "motif_score": 0.0
    },
    "Original Algo + Motifs + BO": {
      "upward_rank": 2.0,
      "downward_rank": -2.0,
      "depth": 0.039347732224782384,
      "fanout": 2.0,
      "indegree": -1.1761349702406658,
      "avg_comm_out": 2.0,
      "avg_cost": 2.0,
      "motif_score": 1.446611096545198
    },
    "Original Algo + Configs + BO (LLM for Weight Generation)": {
      "upward_rank": 1.3588724512990074,
      "downward_rank": -2.0,
      "depth": -2.0,
      "fanout": 2.0,
      "indegree": -2.0,
      "avg_comm_out": 2.0,
      "avg_cost": 2.0,
      "motif_score": -0.07146434804305879
    }
  },
  "Greedy-EFT": {
    "Original Algo": {
      "upward_rank": 0.2,
      "downward_rank": 0.1,
      "depth": 0.1,
      "fanout": 0.1,
      "indegree": 0.0,
      "avg_comm_out": 0.0,
      "avg_cost": -1.0,
      "motif_score": 0.0
    },
    "Original Algo + Motifs": {
      "upward_rank": 0.2,
      "downward_rank": 0.1,
      "depth": 0.1,
      "fanout": 0.11499999999999999,
      "indegree": 0.0,
      "avg_comm_out": 0.0,
      "avg_cost": -1.0,
      "motif_score": 1.0
    },
    "Original Algo + BO": {
      "upward_rank": 1.4762559723584991,
      "downward_rank": -2.0,
      "depth": -2.0,
      "fanout": 2.0,
      "indegree": -2.0,
      "avg_comm_out": 2.0,
      "avg_cost": 1.260110267333102,
      "motif_score": 0.0
    },
    "Original Algo + Motifs + BO": {
      "upward_rank": 0.7681790818676002,
      "downward_rank": -2.0,
      "depth": -2.0,
      "fanout": -1.309305813069361,
      "indegree": -0.9011341931330266,
      "avg_comm_out": 0.6673490994779643,
      "avg_cost": 2.0,
      "motif_score": -1.4161888107839893
    },
    "Original Algo + Configs + BO (LLM for Weight Generation)": {
      "upward_rank": 2.0,
      "downward_rank": -2.0,
      "depth": -2.0,
      "fanout": 1.6795301523493285,
      "indegree": -2.0,
      "avg_comm_out": 2.0,
      "avg_cost": 2.0,
      "motif_score": 2.0
    }
  },
  "HEFT": {
    "Original Algo": {
      "upward_rank": 1.0,
      "downward_rank": 0.0,
      "depth": 0.2,
      "fanout": 0.1,
      "indegree": 0.0,
      "avg_comm_out": 0.2,
      "avg_cost": 0.1,
      "motif_score": 0.0
    },
    "Original Algo + Motifs": {
      "upward_rank": 1.0,
      "downward_rank": 0.0,
      "depth": 0.2,
      "fanout": 0.11499999999999999,
      "indegree": 0.0,
      "avg_comm_out": 0.2,
      "avg_cost": 0.1,
      "motif_score": 1.0
    },
    "Original Algo + BO": {
      "upward_rank": 1.0,
      "downward_rank": 0.0,
      "depth": 0.2,
      "fanout": 0.1,
      "indegree": 0.0,
      "avg_comm_out": 0.2,
      "avg_cost": 0.1,
      "motif_score": 0.0
    },
    "Original Algo + Motifs + BO": {
      "upward_rank": 1.103254740985065,
      "downward_rank": -1.6411696153598136,
      "depth": -0.5840960200296612,
      "fanout": -0.5186021166784298,
      "indegree": -0.7615241649490294,
      "avg_comm_out": 0.9411954144296959,
      "avg_cost": 1.2347720023032251,
      "motif_score": 0.488763504528527
    },
    "Original Algo + Configs + BO (LLM for Weight Generation)": {
      "upward_rank": 1.3588724512990074,
      "downward_rank": -2.0,
      "depth": -2.0,
      "fanout": 2.0,
      "indegree": -2.0,
      "avg_comm_out": 2.0,
      "avg_cost": 2.0,
      "motif_score": -0.07146434804305879
    }
  },
  "HOFT": {
    "Original Algo": {
      "upward_rank": 1.1,
      "downward_rank": 0.3,
      "depth": 0.3,
      "fanout": 0.2,
      "indegree": 0.0,
      "avg_comm_out": 0.3,
      "avg_cost": 0.1,
      "motif_score": 0.0
    },
    "Original Algo + Motifs": {
      "upward_rank": 1.1,
      "downward_rank": 0.3,
      "depth": 0.3,
      "fanout": 0.22999999999999998,
      "indegree": 0.0,
      "avg_comm_out": 0.3,
      "avg_cost": 0.1,
      "motif_score": 1.0
    },
    "Original Algo + BO": {
      "upward_rank": 2.0,
      "downward_rank": -0.9549016763788734,
      "depth": -0.899941824561602,
      "fanout": -0.7621820142688112,
      "indegree": -1.17768285355457,
      "avg_comm_out": 1.437995047606329,
      "avg_cost": 1.087321881159062,
      "motif_score": 0.0
    },
    "Original Algo + Motifs + BO": {
      "upward_rank": 2.0,
      "downward_rank": -2.0,
      "depth": -0.23368322132191,
      "fanout": 2.0,
      "indegree": 2.0,
      "avg_comm_out": 1.072611837375097,
      "avg_cost": 2.0,
      "motif_score": 0.83908991686148
    },
    "Original Algo + Configs + BO (LLM for Weight Generation)": {
      "upward_rank": 1.2726040197235178,
      "downward_rank": -1.734374712897008,
      "depth": -1.6694497547272706,
      "fanout": -1.701468834540997,
      "indegree": -1.633364861147582,
      "avg_comm_out": 1.447680262946509,
      "avg_cost": -0.5368030420694379,
      "motif_score": 0.8427809687842998
    }
  },
  "CPOP": {
    "Original Algo": {
      "upward_rank": 1.0,
      "downward_rank": 1.0,
      "depth": 0.1,
      "fanout": 0.0,
      "indegree": 0.0,
      "avg_comm_out": 0.1,
      "avg_cost": 0.1,
      "motif_score": 0.0
    },
    "Original Algo + Motifs": {
      "upward_rank": 1.0,
      "downward_rank": 1.0,
      "depth": 0.1,
      "fanout": 0.0,
      "indegree": 0.0,
      "avg_comm_out": 0.1,
      "avg_cost": 0.1,
      "motif_score": 1.0
    },
    "Original Algo + BO": {
      "upward_rank": 2.0,
      "downward_rank": -2.0,
      "depth": -2.0,
      "fanout": 2.0,
      "indegree": -2.0,
      "avg_comm_out": 0.7939254690935744,
      "avg_cost": 2.0,
      "motif_score": 0.0
    },
    "Original Algo + Motifs + BO": {
      "upward_rank": 2.0,
      "downward_rank": 2.0,
      "depth": -2.0,
      "fanout": -0.4898215274792397,
      "indegree": -2.0,
      "avg_comm_out": 2.0,
      "avg_cost": 1.4160425944408934,
      "motif_score": -2.0
    },
    "Original Algo + Configs + BO (LLM for Weight Generation)": {
      "upward_rank": 1.3588724512990074,
      "downward_rank": -2.0,
      "depth": -2.0,
      "fanout": 2.0,
      "indegree": -2.0,
      "avg_comm_out": 2.0,
      "avg_cost": 2.0,
      "motif_score": -0.07146434804305879
    }
  },
  "PEFT": {
    "Original Algo": {
      "upward_rank": 0.9,
      "downward_rank": 0.4,
      "depth": 0.25,
      "fanout": 0.15,
      "indegree": 0.05,
      "avg_comm_out": 0.25,
      "avg_cost": 0.2,
      "motif_score": 0.0
    },
    "Original Algo + Motifs": {
      "upward_rank": 0.9,
      "downward_rank": 0.4,
      "depth": 0.25,
      "fanout": 0.1725,
      "indegree": 0.057499999999999996,
      "avg_comm_out": 0.25,
      "avg_cost": 0.2,
      "motif_score": 1.0
    },
    "Original Algo + BO": {
      "upward_rank": 2.0,
      "downward_rank": -2.0,
      "depth": -2.0,
      "fanout": 2.0,
      "indegree": 0.1356512068719824,
      "avg_comm_out": 2.0,
      "avg_cost": 2.0,
      "motif_score": 0.0
    },
    "Original Algo + Motifs + BO": {
      "upward_rank": 1.930413875159052,
      "downward_rank": -2.0,
      "depth": -2.0,
      "fanout": 2.0,
      "indegree": -2.0,
      "avg_comm_out": 2.0,
      "avg_cost": 2.0,
      "motif_score": -2.0
    },